-- Insert test users with COMPLETE profile information
INSERT OR IGNORE INTO users (
  id, email, name, bio, role,
  church, pastor, denomination, location, position,
  gender, marital_status, phone, address,
  elementary_school, middle_school, high_school,
  university, university_major,
  masters, masters_major,
  phd, phd_major,
  universities, masters_degrees, phd_degrees,
  careers,
  faith_answers,
  scripture_score, prayer_score, activity_score,
  privacy_settings
) VALUES 
  (
    1, 
    'admin@crossfriends.com', 
    '관리자', 
    '주님의 사랑을 전하는 관리자입니다', 
    'admin',
    '서울중앙교회', 
    '김목사', 
    '장로교', 
    '서울', 
    '안수집사',
    '남성',
    '기혼',
    '010-1234-5678',
    '서울특별시 강남구 테헤란로 123',
    '서울초등학교',
    '서울중학교',
    '서울고등학교',
    '연세대학교',
    '신학',
    '장로회신학대학교',
    '조직신학',
    '프린스턴 신학교',
    'Systematic Theology',
    '["연세대학교 신학과", "장로회신학대학교 신학대학원"]',
    '["장로회신학대학교 조직신학", "Union Theological Seminary 신학석사"]',
    '["Princeton Theological Seminary Systematic Theology"]',
    '[{"company": "서울중앙교회", "position": "담임목사", "period": "2015-현재"}, {"company": "장로회신학대학교", "position": "외래교수", "period": "2010-2015"}]',
    '{"q1": "예", "q2": "예", "q3": "예", "q4": "예", "q5": "예", "q6": "예", "q7": "예", "q8": "예", "q9": "예", "q10": "예"}',
    150,
    200,
    50,
    '{"basic_info": true, "church_info": true, "faith_answers": true, "education_info": true, "career_info": true, "scores": true}'
  ),
  (
    2, 
    'john@example.com', 
    'John Kim', 
    '주님의 사랑을 전하는 사람', 
    'user',
    '은혜교회', 
    '이목사', 
    '감리교', 
    '부산', 
    '집사',
    '남성',
    '미혼',
    '010-2345-6789',
    '부산광역시 해운대구 센텀중앙로 48',
    '부산초등학교',
    '부산중학교',
    '부산고등학교',
    '고려대학교',
    '경영학',
    '서울대학교',
    '경영학',
    NULL,
    NULL,
    '["고려대학교 경영학과"]',
    '["서울대학교 경영학석사", "KAIST 기술경영학"]',
    '[]',
    '[{"company": "삼성전자", "position": "과장", "period": "2018-현재"}, {"company": "LG전자", "position": "사원", "period": "2015-2018"}]',
    '{"q1": "예", "q2": "예", "q3": "예", "q4": "잘모름", "q5": "예", "q6": "예", "q7": "예", "q8": "아니오", "q9": "예", "q10": "예"}',
    100,
    150,
    80,
    '{"basic_info": true, "church_info": true, "faith_answers": true, "education_info": true, "career_info": true, "scores": true}'
  ),
  (
    3, 
    'sarah@example.com', 
    'Sarah Park', 
    '말씀으로 살아가는 삶', 
    'user',
    '새생명교회', 
    '박목사', 
    '침례교', 
    '인천', 
    '권사',
    '여성',
    '기혼',
    '010-3456-7890',
    '인천광역시 연수구 컨벤시아대로 69',
    '인천초등학교',
    '인천중학교',
    '인천여자고등학교',
    '이화여자대학교',
    '사회복지학',
    '이화여자대학교',
    '사회복지학',
    '서울대학교',
    '사회복지학',
    '["이화여자대학교 사회복지학과"]',
    '["이화여자대학교 사회복지학석사"]',
    '["서울대학교 사회복지학박사"]',
    '[{"company": "인천시립복지관", "position": "관장", "period": "2020-현재"}, {"company": "서울시립복지관", "position": "팀장", "period": "2015-2020"}, {"company": "대학교병원", "position": "사회복지사", "period": "2010-2015"}]',
    '{"q1": "예", "q2": "예", "q3": "예", "q4": "예", "q5": "예", "q6": "잘모름", "q7": "예", "q8": "예", "q9": "예", "q10": "예"}',
    180,
    220,
    120,
    '{"basic_info": true, "church_info": true, "faith_answers": true, "education_info": true, "career_info": true, "scores": true}'
  ),
  (
    4, 
    'david@example.com', 
    'David Lee', 
    '기도의 응답을 경험하는 중', 
    'moderator',
    '예수사랑교회', 
    '최목사', 
    '순복음', 
    '대전', 
    '서리집사',
    '남성',
    '기혼',
    '010-4567-8901',
    '대전광역시 유성구 대학로 99',
    '대전초등학교',
    '대전중학교',
    '대전고등학교',
    'KAIST',
    '컴퓨터공학',
    'KAIST',
    '인공지능',
    'MIT',
    'Computer Science',
    '["KAIST 컴퓨터공학과"]',
    '["KAIST 인공지능석사"]',
    '["MIT Computer Science Ph.D."]',
    '[{"company": "네이버", "position": "수석연구원", "period": "2020-현재"}, {"company": "카카오", "position": "선임연구원", "period": "2015-2020"}]',
    '{"q1": "예", "q2": "예", "q3": "예", "q4": "예", "q5": "예", "q6": "예", "q7": "예", "q8": "예", "q9": "잘모름", "q10": "예"}',
    120,
    180,
    90,
    '{"basic_info": true, "church_info": true, "faith_answers": true, "education_info": true, "career_info": true, "scores": true}'
  ),
  (
    5, 
    'grace@example.com', 
    'Grace Choi', 
    '찬양과 경배를 사랑합니다', 
    'user',
    '온누리교회', 
    '하목사', 
    '장로교', 
    '서울', 
    '찬양대원',
    '여성',
    '미혼',
    '010-5678-9012',
    '서울특별시 용산구 이촌로 77길 5',
    '서울초등학교',
    '서울중학교',
    '예원학교',
    '한국예술종합학교',
    '성악',
    '줄리아드 음악원',
    '성악',
    NULL,
    NULL,
    '["한국예술종합학교 성악과", "서울대학교 음악대학 성악과"]',
    '["줄리아드 음악원 성악석사", "맨해튼 음악원 오페라"]',
    '[]',
    '[{"company": "서울시립오페라단", "position": "단원", "period": "2018-현재"}, {"company": "국립오페라단", "position": "객원단원", "period": "2015-2018"}]',
    '{"q1": "예", "q2": "예", "q3": "예", "q4": "예", "q5": "예", "q6": "예", "q7": "예", "q8": "예", "q9": "예", "q10": "잘모름"}',
    90,
    140,
    70,
    '{"basic_info": true, "church_info": true, "faith_answers": true, "education_info": true, "career_info": true, "scores": true}'
  );

-- Insert test posts
INSERT OR IGNORE INTO posts (id, user_id, content, verse_reference) VALUES 
  (1, 1, '오늘 새벽 기도 중에 큰 은혜를 받았습니다. 하나님의 사랑이 너무나 크심을 다시금 깨달았어요. 감사합니다!', '시편 23:1'),
  (2, 2, '교회에서 봉사하면서 많은 것을 배우고 있습니다. 섬김의 기쁨이 이런 것이군요! 할렐루야!', '마가복음 10:45'),
  (3, 1, '성경 읽기 1년 계획을 시작했어요. 함께 하실 분들을 찾습니다! 말씀으로 하루를 시작합시다.', '시편 119:105'),
  (4, 3, '주일 예배가 너무 은혜로웠습니다. 목사님 말씀이 제 마음에 와닿았어요. 아멘!', '히브리서 10:25'),
  (5, 4, '오늘 찬양 인도를 맡게 되었습니다. 기도 부탁드려요! 주님께 영광 돌립니다.', '시편 150:6'),
  (6, 5, '새벽 찬양 연습 중입니다. 하나님을 찬양하는 것이 이렇게 기쁠 줄이야!', '시편 100:2'),
  (7, 2, '오늘 회사에서 좋은 일이 있었어요. 주님께 감사드립니다!', '빌립보서 4:6'),
  (8, 3, '복지관에서 어르신들을 만나며 많은 것을 배웁니다. 섬김의 삶이 참 아름답네요.', '마태복음 25:40');

-- Insert test comments
INSERT OR IGNORE INTO comments (post_id, user_id, content) VALUES 
  (1, 2, '아멘! 저도 오늘 은혜 많이 받았어요.'),
  (1, 3, '함께 기도하겠습니다!'),
  (1, 4, '할렐루야! 주님을 찬양합니다.'),
  (2, 1, '멋지세요! 섬김의 본이 되어주셔서 감사해요.'),
  (2, 5, '저도 봉사에 동참하고 싶어요!'),
  (3, 4, '저도 동참하고 싶어요! 함께 말씀 읽어요.'),
  (3, 5, '좋은 계획이네요. 저도 참여할게요!'),
  (4, 2, '할렐루야! 주님께 영광 돌립니다.'),
  (4, 1, '은혜로운 말씀 나눔 감사합니다.'),
  (5, 1, '기도하겠습니다. 주님의 은혜가 함께 하시길!'),
  (5, 3, '찬양으로 주님을 높이는 시간 되길 기도합니다.'),
  (6, 2, '찬양 소리가 들리는 것 같아요!'),
  (6, 4, '주님을 찬양합니다!'),
  (7, 5, '축하드려요! 하나님의 축복이 가득하시길!'),
  (8, 1, '아름다운 섬김의 자세입니다. 본받고 싶어요.');

-- Insert test likes
INSERT OR IGNORE INTO likes (post_id, user_id) VALUES 
  (1, 2), (1, 3), (1, 4), (1, 5),
  (2, 1), (2, 3), (2, 5),
  (3, 2), (3, 4), (3, 5),
  (4, 1), (4, 2), (4, 5),
  (5, 1), (5, 2), (5, 3),
  (6, 1), (6, 3), (6, 4),
  (7, 1), (7, 4), (7, 5),
  (8, 2), (8, 4), (8, 5);

-- Insert test friendships
INSERT OR IGNORE INTO friendships (user_id, friend_id, status) VALUES 
  (1, 2, 'accepted'),
  (1, 3, 'accepted'),
  (1, 4, 'accepted'),
  (1, 5, 'accepted'),
  (2, 3, 'accepted'),
  (2, 4, 'accepted'),
  (3, 4, 'accepted'),
  (3, 5, 'accepted'),
  (4, 5, 'accepted');

-- Insert test prayer requests
INSERT OR IGNORE INTO prayer_requests (user_id, title, content, is_anonymous, status) VALUES 
  (1, '가족의 건강을 위한 기도', '부모님께서 편찮으셔서 빠른 회복을 위해 기도 부탁드립니다. 하나님의 치유하심을 간구합니다.', 0, 'active'),
  (2, '새로운 직장을 위한 기도', '하나님의 인도하심을 따라 새로운 일터를 찾고 있습니다. 지혜를 구합니다.', 0, 'active'),
  (3, '복지관 사업을 위한 기도', '새로운 복지 프로그램을 시작합니다. 하나님의 인도하심을 구합니다.', 0, 'active'),
  (4, '프로젝트 성공을 위한 기도', '중요한 프로젝트를 맡게 되었습니다. 지혜와 능력을 구합니다.', 0, 'active'),
  (5, '오페라 공연을 위한 기도', '다음 주 공연이 있습니다. 최선을 다할 수 있도록 기도 부탁드립니다.', 0, 'active'),
  (2, '익명의 기도제목', '어려운 결정을 앞두고 있습니다. 지혜를 구합니다.', 1, 'active');

-- Insert test prayer responses
INSERT OR IGNORE INTO prayer_responses (prayer_request_id, user_id, content) VALUES 
  (1, 2, '함께 기도하겠습니다. 하나님의 치유하심이 함께하시길!'),
  (1, 3, '아멘. 빠른 쾌유를 기도합니다.'),
  (1, 4, '기도로 함께 합니다. 주님의 은혜가 가득하시길!'),
  (2, 1, '주님께서 좋은 길을 예비하실 거예요!'),
  (2, 5, '하나님의 인도하심이 함께 하시길 기도합니다.'),
  (3, 1, '복지 사역에 주님의 축복이 함께 하시길!'),
  (3, 4, '아름다운 섬김의 열매가 맺히길 기도합니다.'),
  (4, 3, '프로젝트가 성공적으로 진행되길 기도합니다!'),
  (4, 5, '하나님의 지혜가 함께 하시길!'),
  (5, 1, '안전한 공연과 은혜로운 시간 되길 기도합니다!'),
  (5, 2, '찬양으로 주님께 영광 돌리는 시간 되길!');
